[
    {
        "_id":{
            "$oid":"60cde63c3a78c08496cc94fa"
        },
        "name":"smiablsz",
        "contract_start":{
            "$date":"2021-06-01T00:00:00Z"
        }
    },
    {
        "_id":{
            "$oid":"5f75dc8ca79f36898b4fae50"
        },
        "name":"zqzvqcrx",
        "contract_start":{
            "$date":"2020-07-01T00:00:00Z"
        }
    },
    {
        "_id":{
            "$oid":"6123c85ac2d7aa79245e4c62"
        },
        "name":"lfgephqb",
        "contract_start":{
            "$date":"2021-08-01T00:00:00Z"
        }
    },
    {
        "_id":{
            "$oid":"610967c5b4e576569627b60b"
        },
        "name":"okkpmsit",
        "contract_start":{
            "$date":"2021-08-01T00:00:00Z"
        }
    },
    {
        "_id":{
            "$oid":"61603177a5156d40200ad74b"
        },
        "name":"ayndkulu",
        "contract_start":{
            "$date":"2021-09-01T00:00:00Z"
        }
    },
    {
        "_id":{
            "$oid":"609936b0e5729b7d440e4ec3"
        },
        "name":"ksjedoia",
        "contract_start":{
            "$date":"2021-05-01T00:00:00Z"
        }
    },
    {
        "_id":{
            "$oid":"60b13aa93a78c08496cbd362"
        },
        "name":"zvysxllc",
        "contract_start":{
            "$date":"2021-05-01T00:00:00Z"
        }
    },
    {
        "_id":{
            "$oid":"60fe42737afe5e14e8d263d7"
        },
        "name":"pvptlkhh",
        "contract_start":{
            "$date":"2021-07-01T00:00:00Z"
        }
    },
    {
        "_id":{
            "$oid":"610b6fc9c476533b1b1a8833"
        },
        "name":"lmimargt",
        "contract_start":{
            "$date":"2021-05-01T00:00:00Z"
        }
    },
    {
        "_id":{
            "$oid":"61816fb99588f9944fa16fc1"
        },
        "name":"qdzociru",
        "contract_start":{
            "$date":"2021-10-01T00:00:00Z"
        }
    },
    {
        "_id":{
            "$oid":"6185196ace35b22d3d5120df"
        },
        "name":"ozzmfiig",
        "contract_start":{
            "$date":"2021-10-01T10:00:00Z"
        }
    },
    {
        "_id":{
            "$oid":"618aa24eeb950f0704a016fb"
        },
        "name":"rmvsvbva",
        "contract_start":{
            "$date":"2021-10-01T10:00:00Z"
        }
    },
    {
        "_id":{
            "$oid":"618aa273eb950f0704a016fc"
        },
        "name":"pqvjxqbf",
        "contract_start":{
            "$date":"2021-10-01T10:00:00Z"
        }
    },
    {
        "_id":{
            "$oid":"618ea2cb5c86a2e47a2789b3"
        },
        "name":"lsfctfgx",
        "contract_start":{
            "$date":"2021-11-01T11:00:00Z"
        }
    },
    {
        "_id":{
            "$oid":"618ea3945c86a2e47a2789be"
        },
        "name":"ypcjrsjv",
        "contract_start":{
            "$date":"2021-10-01T11:00:00Z"
        }
    },
    {
        "_id":{
            "$oid":"6197f760fe2fe4a319bab7f8"
        },
        "name":"sqdgzezb",
        "contract_start":{
            "$date":"2021-09-01T00:00:00Z"
        }
    },
    {
        "_id":{
            "$oid":"619cbda870d5ec69e5a8aee5"
        },
        "name":"dvoebxwh",
        "contract_start":{
            "$date":"2021-11-01T11:00:00Z"
        }
    },
    {
        "_id":{
            "$oid":"619cbe1070d5ec69e5a8aee8"
        },
        "name":"rmzktwds",
        "contract_start":{
            "$date":"2021-11-01T11:00:00Z"
        }
    },
    {
        "_id":{
            "$oid":"61a6836e408c1a8f88b94c07"
        },
        "name":"ejpseciv",
        "contract_start":{
            "$date":"2021-11-01T11:00:00Z"
        }
    },
    {
        "_id":{
            "$oid":"61a736c39c2c097c59dde982"
        },
        "name":"lxoxnxlw",
        "contract_start":{
            "$date":"2021-11-01T00:00:00Z"
        }
    },
    {
        "_id":{
            "$oid":"61a9e9e02eb889e12e9d84c4"
        },
        "name":"anblouic",
        "contract_start":{
            "$date":"2021-12-01T11:00:00Z"
        }
    },
    {
        "_id":{
            "$oid":"61adf401dee5cd96652a278c"
        },
        "name":"slewxnbk",
        "contract_start":{
            "$date":"2021-12-01T11:00:00Z"
        }
    },
    {
        "_id":{
            "$oid":"61b301a48d31e92bb06c6bb9"
        },
        "name":"jocduidi",
        "contract_start":{
            "$date":"2021-12-01T11:00:00Z"
        }
    },
    {
        "_id":{
            "$oid":"61b301c28d31e92bb06c6bbb"
        },
        "name":"jaaknnij",
        "contract_start":{
            "$date":"2021-12-01T00:00:00Z"
        }
    },
    {
        "_id":{
            "$oid":"61c096155ff92f37c0a35387"
        },
        "name":"shfejepo",
        "contract_start":{
            "$date":"2021-12-01T00:00:00Z"
        }
    },
    {
        "_id":{
            "$oid":"61c33c20e03180a0e2de76aa"
        },
        "name":"avawhtvt",
        "contract_start":{
            "$date":"2021-12-01T00:00:00Z"
        }
    },
    {
        "_id":{
            "$oid":"61c348bd14873a3a5eb40c0a"
        },
        "name":"vtbpqndi",
        "contract_start":{
            "$date":"2021-12-01T15:45:31.911Z"
        }
    },
    {
        "_id":{
            "$oid":"61c348fb14873a3a5eb40c0b"
        },
        "name":"fgddtbjq",
        "contract_start":{
            "$date":"2021-12-01T00:00:00Z"
        }
    },
    {
        "_id":{
            "$oid":"61d4841c6b407fdbe16108ba"
        },
        "name":"rydluhid",
        "contract_start":{
            "$date":"2021-12-01T00:00:00Z"
        }
    },
    {
        "_id":{
            "$oid":"614b36a14b7014ea5db285cc"
        },
        "name":"qabeujrc",
        "contract_start":{
            "$date":"2021-12-01T00:00:00Z"
        }
    },
    {
        "_id":{
            "$oid":"61dff6c060157b55142244c5"
        },
        "name":"fnruhttv",
        "contract_start":{
            "$date":"2022-01-01T00:00:00Z"
        }
    },
    {
        "_id":{
            "$oid":"61e7be026d592ad0d1f99a04"
        },
        "name":"nilvsjpj",
        "contract_start":{
            "$date":"2022-01-01T11:00:00Z"
        }
    },
    {
        "_id":{
            "$oid":"61eac22dcd8fad61d89774af"
        },
        "name":"diouxmsk",
        "contract_start":{
            "$date":"2022-01-01T00:00:00Z"
        }
    },
    {
        "_id":{
            "$oid":"61eaeb01cd8fad61d8978cf1"
        },
        "name":"cmatkhrd",
        "contract_start":{
            "$date":"2022-01-01T00:00:00Z"
        }
    },
    {
        "_id":{
            "$oid":"61f7e5381c7fc92f770046c1"
        },
        "name":"zscrvrpx",
        "contract_start":{
            "$date":"2021-12-01T00:00:00Z"
        }
    },
    {
        "_id":{
            "$oid":"61f80d9b066f3942ddbf1966"
        },
        "name":"arighrpz",
        "contract_start":{
            "$date":"2021-12-01T11:00:00Z"
        }
    },
    {
        "_id":{
            "$oid":"61fc1145c78a4db4d341f176"
        },
        "name":"cbquthdk",
        "contract_start":{
            "$date":"2022-01-01T11:00:00Z"
        }
    },
    {
        "_id":{
            "$oid":"61fd2400cc890961c0ff9885"
        },
        "name":"fooflahq",
        "contract_start":{
            "$date":"2022-02-01T00:00:00Z"
        }
    },
    {
        "_id":{
            "$oid":"6203752ed94e0d8707838525"
        },
        "name":"qoxrslcq",
        "contract_start":{
            "$date":"2022-02-01T00:00:00Z"
        }
    },
    {
        "_id":{
            "$oid":"620518311f12b4df7c2c1659"
        },
        "name":"eispaxyx",
        "contract_start":{
            "$date":"2022-02-09T00:00:00Z"
        }
    },
    {
        "_id":{
            "$oid":"62069e1fbd23d5cccab1a327"
        },
        "name":"aqthgkpm",
        "contract_start":{
            "$date":"2022-01-01T00:00:00Z"
        }
    },
    {
        "_id":{
            "$oid":"620a1612114c0d958e9105e1"
        },
        "name":"zqpcwvwb",
        "contract_start":{
            "$date":"2022-02-01T11:00:00Z"
        }
    },
    {
        "_id":{
            "$oid":"6214c17c6ed92c567ef9bbe1"
        },
        "name":"axewtiit",
        "contract_start":{
            "$date":"2022-03-01T11:00:00Z"
        }
    },
    {
        "_id":{
            "$oid":"62161d69a11af45184feb2e0"
        },
        "name":"fqlxcfnk",
        "contract_start":{
            "$date":"2022-01-01T11:00:00Z"
        }
    },
    {
        "_id":{
            "$oid":"6222142ef0b1c3d690cd8221"
        },
        "name":"ugekriku",
        "contract_start":{
            "$date":"2022-02-01T00:00:00Z"
        }
    },
    {
        "_id":{
            "$oid":"62287a1759c0530e6d374e32"
        },
        "name":"uuvyvldg",
        "contract_start":{
            "$date":"2022-02-01T00:00:00Z"
        }
    },
    {
        "_id":{
            "$oid":"622b154ff65a5f0a7755cb65"
        },
        "name":"uxnsjaih",
        "contract_start":{
            "$date":"2022-03-01T11:00:00Z"
        }
    },
    {
        "_id":{
            "$oid":"622f347da6b37cff744dc46d"
        },
        "name":"yeleljsm",
        "contract_start":{
            "$date":"2022-03-01T11:00:00Z"
        }
    },
    {
        "_id":{
            "$oid":"6231d9c3068712a9d7743e7a"
        },
        "name":"ifayznef",
        "contract_start":{
            "$date":"2022-02-01T11:00:00Z"
        }
    },
    {
        "_id":{
            "$oid":"623d6bd21760ba4ca8ea54ac"
        },
        "name":"obxfvjff",
        "contract_start":{
            "$date":"2022-03-01T00:00:00Z"
        }
    },
    {
        "_id":{
            "$oid":"62457ca753299e0763cd7429"
        },
        "name":"gnufzeby",
        "contract_start":{
            "$date":"2022-03-01T11:00:00Z"
        }
    },
    {
        "_id":{
            "$oid":"6246b62eb386c2277d3681de"
        },
        "name":"grnrsati",
        "contract_start":{
            "$date":"2022-04-01T10:00:00Z"
        }
    },
    {
        "_id":{
            "$oid":"6246ca63b386c2277d3681ef"
        },
        "name":"osucerwq",
        "contract_start":{
            "$date":"2022-04-01T10:00:00Z"
        }
    },
    {
        "_id":{
            "$oid":"624c12121a3a95bca67b6c7e"
        },
        "name":"dohcltgh",
        "contract_start":{
            "$date":"2022-01-01T00:00:00Z"
        }
    },
    {
        "_id":{
            "$oid":"624d35df1e41ba524f294983"
        },
        "name":"hsubsgoo",
        "contract_start":{
            "$date":"2022-04-01T10:00:00Z"
        }
    },
    {
        "_id":{
            "$oid":"624d513b1a3a95bca67b6cac"
        },
        "name":"lrhgkggg",
        "contract_start":{
            "$date":"2022-04-01T10:00:00Z"
        }
    },
    {
        "_id":{
            "$oid":"624ea96b8494bd9e1810be23"
        },
        "name":"ihmavxuy",
        "contract_start":{
            "$date":"2022-04-01T00:00:00Z"
        }
    },
    {
        "_id":{
            "$oid":"625420069d777b47c54c1fad"
        },
        "name":"krgrqolv",
        "contract_start":{
            "$date":"2022-04-11T10:00:00Z"
        }
    },
    {
        "_id":{
            "$oid":"6256bbf18494bd9e1810c187"
        },
        "name":"xmczqoww",
        "contract_start":{
            "$date":"2022-03-01T00:00:00Z"
        }
    },
    {
        "_id":{
            "$oid":"6256ef849d777b47c54c20d0"
        },
        "name":"svdsnutw",
        "contract_start":{
            "$date":"2022-04-01T00:00:00Z"
        }
    },
    {
        "_id":{
            "$oid":"6257d81c9d777b47c54c217d"
        },
        "name":"rmwrdzjk",
        "contract_start":{
            "$date":"2022-04-13T00:00:00Z"
        }
    },
    {
        "_id":{
            "$oid":"626b9bac51645fee0c1c7380"
        },
        "name":"axpvgonv",
        "contract_start":{
            "$date":"2022-04-01T10:00:00Z"
        }
    },
    {
        "_id":{
            "$oid":"626f898542d4a7574505daba"
        },
        "name":"jrpgnvdl",
        "contract_start":{
            "$date":"2022-04-01T00:00:00Z"
        }
    },
    {
        "_id":{
            "$oid":"626f91c1a9fa01f6a4ae39a2"
        },
        "name":"patucist",
        "contract_start":{
            "$date":"2022-04-01T00:00:00Z"
        }
    },
    {
        "_id":{
            "$oid":"626bb36784821db70cf5cc9b"
        },
        "name":"oggqxcio",
        "contract_start":{
            "$date":"2022-05-02T10:00:00Z"
        }
    },
    {
        "_id":{
            "$oid":"627b75ab37eb275cc9a40194"
        },
        "name":"wujxlhbo",
        "contract_start":{
            "$date":"2022-05-01T00:00:00Z"
        }
    },
    {
        "_id":{
            "$oid":"628b4b5f5d85da83a1ad9a71"
        },
        "name":"onkahxtu",
        "contract_start":{
            "$date":"2022-05-01T00:00:00Z"
        }
    },
    {
        "_id":{
            "$oid":"62988df856804734d282e53c"
        },
        "name":"jlgbpaia",
        "contract_start":{
            "$date":"2022-06-01T10:00:00Z"
        }
    },
    {
        "_id":{
            "$oid":"6298c56832db7663d8fb18b8"
        },
        "name":"aaxnykys",
        "contract_start":{
            "$date":"2022-06-02T00:00:00Z"
        }
    },
    {
        "_id":{
            "$oid":"629a282032db7663d8fb1a46"
        },
        "name":"pcvvchvq",
        "contract_start":{
            "$date":"2022-06-03T00:00:00Z"
        }
    },
    {
        "_id":{
            "$oid":"629f0c5c70ee071e6c14daec"
        },
        "name":"cznjowok",
        "contract_start":{
            "$date":"2022-06-01T00:00:00Z"
        }
    },
    {
        "_id":{
            "$oid":"629f1cce07355df20d5c6ae0"
        },
        "name":"tsoeudra",
        "contract_start":{
            "$date":"2022-06-01T10:00:00Z"
        }
    },
    {
        "_id":{
            "$oid":"62a7420f473efdf72f4a82cc"
        },
        "name":"bwytlafh",
        "contract_start":{
            "$date":"2022-06-01T00:00:00Z"
        }
    },
    {
        "_id":{
            "$oid":"62b305596f9a4ba6b1501c86"
        },
        "name":"pzstsvhl",
        "contract_start":{
            "$date":"2022-06-01T00:00:00Z"
        }
    },
    {
        "_id":{
            "$oid":"62b43f2d084906e2f4778ce1"
        },
        "name":"slrpmoic",
        "contract_start":{
            "$date":"2022-06-01T00:00:00Z"
        }
    },
    {
        "_id":{
            "$oid":"62b9897397a7be9d6c7eb5d6"
        },
        "name":"sawnziny",
        "contract_start":{
            "$date":"2022-05-01T10:00:00Z"
        }
    },
    {
        "_id":{
            "$oid":"62bab6efa35a7bb0393d4d07"
        },
        "name":"xaoljmpv",
        "contract_start":{
            "$date":"2022-06-01T00:00:00Z"
        }
    },
    {
        "_id":{
            "$oid":"62bc60310be23b689e266d18"
        },
        "name":"orhuwojk",
        "contract_start":{
            "$date":"2022-06-01T00:00:00Z"
        }
    },
    {
        "_id":{
            "$oid":"62be93b54fb2fb986f7395c4"
        },
        "name":"oxsozqoe",
        "contract_start":{
            "$date":"2022-07-01T00:00:00Z"
        }
    },
    {
        "_id":{
            "$oid":"62c2f605858cab9af9442e3a"
        },
        "name":"ditebvjj",
        "contract_start":{
            "$date":"2022-07-01T10:00:00Z"
        }
    },
    {
        "_id":{
            "$oid":"62c46620cd443ec572296c96"
        },
        "name":"suhvroll",
        "contract_start":{
            "$date":"2022-07-01T00:00:00Z"
        }
    },
    {
        "_id":{
            "$oid":"62c7d3efd5b42c66259a40d4"
        },
        "name":"itvjgqni",
        "contract_start":{
            "$date":"2022-07-01T00:00:00Z"
        }
    },
    {
        "_id":{
            "$oid":"62d08c1693ad99eb1a1c622e"
        },
        "name":"buwnjdwv",
        "contract_start":{
            "$date":"2022-07-01T00:00:00Z"
        }
    },
    {
        "_id":{
            "$oid":"62dfa1105943cc74bd50d09f"
        },
        "name":"kwfhxdpk",
        "contract_start":{
            "$date":"2022-07-01T10:00:00Z"
        }
    },
    {
        "_id":{
            "$oid":"62e247affee6d8ccb66355c6"
        },
        "name":"iduljwdn",
        "contract_start":{
            "$date":"2022-07-28T00:00:00Z"
        }
    },
    {
        "_id":{
            "$oid":"62e78d4140506d44b854143e"
        },
        "name":"gagxqett",
        "contract_start":{
            "$date":"2022-08-01T10:00:00Z"
        }
    },
    {
        "_id":{
            "$oid":"62e7bdd126ec42c484365bff"
        },
        "name":"vhdyjwmp",
        "contract_start":{
            "$date":"2022-08-01T00:00:00Z"
        }
    },
    {
        "_id":{
            "$oid":"62eba0921165ddf65fdcfa0f"
        },
        "name":"tjexntzv",
        "contract_start":{
            "$date":"2022-08-01T00:00:00Z"
        }
    },
    {
        "_id":{
            "$oid":"62ed0cfd7dd210f296fde36a"
        },
        "name":"pndtzdil",
        "contract_start":{
            "$date":"2022-08-01T00:00:00Z"
        }
    },
    {
        "_id":{
            "$oid":"62ed0d20141627f4a6fc5bf9"
        },
        "name":"dxbzbbqg",
        "contract_start":{
            "$date":"2022-08-01T00:00:00Z"
        }
    },
    {
        "_id":{
            "$oid":"62ed0d659cf491ceff393571"
        },
        "name":"xsxqipwd",
        "contract_start":{
            "$date":"2022-08-01T00:00:00Z"
        }
    },
    {
        "_id":{
            "$oid":"62ed0d8ec032a7a6882bc4a1"
        },
        "name":"nfwstfto",
        "contract_start":{
            "$date":"2022-08-01T10:00:00Z"
        }
    },
    {
        "_id":{
            "$oid":"62f10ef1c032a7a6882bc5d9"
        },
        "name":"ddxhmxoq",
        "contract_start":{
            "$date":"2022-06-01T10:00:00Z"
        }
    },
    {
        "_id":{
            "$oid":"62f239402b88ce957af4c777"
        },
        "name":"bgfckbhd",
        "contract_start":{
            "$date":"2022-08-01T10:00:00Z"
        }
    },
    {
        "_id":{
            "$oid":"62fcc016adbb1aac75777263"
        },
        "name":"iubwcdgh",
        "contract_start":{
            "$date":"2022-08-01T00:00:00Z"
        }
    },
    {
        "_id":{
            "$oid":"63038a7a705da325ceb6aa9f"
        },
        "name":"ghtrdqme",
        "contract_start":{
            "$date":"2022-08-01T00:00:00Z"
        }
    },
    {
        "_id":{
            "$oid":"630cc1f1beb29882be43ff9e"
        },
        "name":"cjimslwd",
        "contract_start":{
            "$date":"2022-08-01T00:00:00Z"
        }
    },
    {
        "_id":{
            "$oid":"630e60e968d4b6491e084513"
        },
        "name":"qyebwbve",
        "contract_start":{
            "$date":"2022-08-01T00:00:00Z"
        }
    },
    {
        "_id":{
            "$oid":"6310d5d1a4e0d95ee7e92753"
        },
        "name":"qhltgprz",
        "contract_start":{
            "$date":"2022-09-01T00:00:00Z"
        }
    },
    {
        "_id":{
            "$oid":"63183a343ee6df8522850c62"
        },
        "name":"ykzqjesk",
        "contract_start":{
            "$date":"2022-09-01T10:00:00Z"
        }
    },
    {
        "_id":{
            "$oid":"6318b44be47a909658b67365"
        },
        "name":"avsjmdpe",
        "contract_start":{
            "$date":"2022-09-01T10:00:00Z"
        }
    },
    {
        "_id":{
            "$oid":"6319a0bc01a728d3ff0b6305"
        },
        "name":"lutpvxgm",
        "contract_start":{
            "$date":"2022-09-08T00:00:00Z"
        }
    },
    {
        "_id":{
            "$oid":"6328903ce03751cbd8e80962"
        },
        "name":"rekctzxx",
        "contract_start":{
            "$date":"2022-09-01T10:00:00Z"
        }
    },
    {
        "_id":{
            "$oid":"63296b08d83a941aa2abcaff"
        },
        "name":"boermgmo",
        "contract_start":{
            "$date":"2022-09-01T00:00:00Z"
        }
    },
    {
        "_id":{
            "$oid":"632aad4068bae2978ec1044a"
        },
        "name":"dzpodswh",
        "contract_start":{
            "$date":"2022-09-01T00:00:00Z"
        }
    },
    {
        "_id":{
            "$oid":"632c112ddafaa102b00b1985"
        },
        "name":"mfvcujct",
        "contract_start":{
            "$date":"2022-09-01T00:00:00Z"
        }
    },
    {
        "_id":{
            "$oid":"632c5b46dafaa102b00b19e6"
        },
        "name":"ovpglyab",
        "contract_start":{
            "$date":"2022-09-01T00:00:00Z"
        }
    },
    {
        "_id":{
            "$oid":"63354dd7eec67461c0899edf"
        },
        "name":"zopwrgqo",
        "contract_start":{
            "$date":"2022-09-01T10:00:00Z"
        }
    },
    {
        "_id":{
            "$oid":"633698a403c60f55f712119b"
        },
        "name":"mzzosrfd",
        "contract_start":{
            "$date":"2022-09-01T00:00:00Z"
        }
    },
    {
        "_id":{
            "$oid":"63369e038f67f12749570d0a"
        },
        "name":"xsvdakys",
        "contract_start":{
            "$date":"2022-09-01T00:00:00Z"
        }
    },
    {
        "_id":{
            "$oid":"634544c98606dd6e7e5b7b00"
        },
        "name":"vwyclrvi",
        "contract_start":{
            "$date":"2022-10-01T00:00:00Z"
        }
    },
    {
        "_id":{
            "$oid":"634fc16ac01932aef30702c9"
        },
        "name":"usvlzjkv",
        "contract_start":{
            "$date":"2022-10-01T10:00:00Z"
        }
    },
    {
        "_id":{
            "$oid":"6357803ce8515b347deb0f71"
        },
        "name":"ndblkkdl",
        "contract_start":{
            "$date":"2022-10-01T00:00:00Z"
        }
    },
    {
        "_id":{
            "$oid":"635bc2aee5f1afe0b9c76dc0"
        },
        "name":"dcsgfzxe",
        "contract_start":{
            "$date":"2022-10-01T00:00:00Z"
        }
    },
    {
        "_id":{
            "$oid":"636238b6cd11e6f0b2d9c815"
        },
        "name":"hebwmuux",
        "contract_start":{
            "$date":"2022-11-01T00:00:00Z"
        }
    },
    {
        "_id":{
            "$oid":"63626e37a9035468a0827891"
        },
        "name":"cspikojm",
        "contract_start":{
            "$date":"2022-11-01T00:00:00Z"
        }
    },
    {
        "_id":{
            "$oid":"63637c4634b74aee8b31556e"
        },
        "name":"xdqbkjak",
        "contract_start":{
            "$date":"2022-11-01T00:00:00Z"
        }
    },
    {
        "_id":{
            "$oid":"63652f093639a13d2040c4a5"
        },
        "name":"voqqaxfc",
        "contract_start":{
            "$date":"2022-11-01T00:00:00Z"
        }
    },
    {
        "_id":{
            "$oid":"63697e9ea6a8f4165faa6d45"
        },
        "name":"oyiplxlu",
        "contract_start":{
            "$date":"2022-10-31T00:00:00Z"
        }
    },
    {
        "_id":{
            "$oid":"6371f8f2f878697e6714c86b"
        },
        "name":"lejpdxau",
        "contract_start":{
            "$date":"2022-11-01T00:00:00Z"
        }
    },
    {
        "_id":{
            "$oid":"637506ff483a650b850ac208"
        },
        "name":"fgcwdkcw",
        "contract_start":{
            "$date":"2022-11-01T00:00:00Z"
        }
    },
    {
        "_id":{
            "$oid":"63750cd49b3c0a5378ef132f"
        },
        "name":"fixupigs",
        "contract_start":{
            "$date":"2022-11-01T00:00:00Z"
        }
    },
    {
        "_id":{
            "$oid":"6375115b25a02c50efc23f2a"
        },
        "name":"sbqgnlkw",
        "contract_start":{
            "$date":"2022-11-01T00:00:00Z"
        }
    },
    {
        "_id":{
            "$oid":"637ddb0859affbc90e7755b9"
        },
        "name":"imaptiua",
        "contract_start":{
            "$date":"2022-12-01T00:00:00Z"
        }
    },
    {
        "_id":{
            "$oid":"63886d373fd585267007abc0"
        },
        "name":"peniqell",
        "contract_start":{
            "$date":"2022-12-01T00:00:00Z"
        }
    },
    {
        "_id":{
            "$oid":"638f51cd3fd585267007d4be"
        },
        "name":"sqbiwbqf",
        "contract_start":{
            "$date":"2022-12-01T00:00:00Z"
        }
    },
    {
        "_id":{
            "$oid":"63909aeefc516cb3da4bdd79"
        },
        "name":"wzeygrnm",
        "contract_start":{
            "$date":"2022-12-01T00:00:00Z"
        }
    },
    {
        "_id":{
            "$oid":"6390bceb376b3d39e8fb354e"
        },
        "name":"othdbpqn",
        "contract_start":{
            "$date":"2022-12-01T00:00:00Z"
        }
    },
    {
        "_id":{
            "$oid":"63971e4ff8a6294db08454a7"
        },
        "name":"xljbiads",
        "contract_start":{
            "$date":"2022-12-01T00:00:00Z"
        }
    },
    {
        "_id":{
            "$oid":"63983b2fcd76f5e324597a4f"
        },
        "name":"vamlfzls",
        "contract_start":{
            "$date":"2022-12-01T00:00:00Z"
        }
    },
    {
        "_id":{
            "$oid":"6398d647a371c395a226d787"
        },
        "name":"ziykqirp",
        "contract_start":{
            "$date":"2022-12-01T00:00:00Z"
        }
    },
    {
        "_id":{
            "$oid":"639900884092f2f1ce5466b6"
        },
        "name":"npnwqwgj",
        "contract_start":{
            "$date":"2022-12-01T00:00:00Z"
        }
    },
    {
        "_id":{
            "$oid":"639a0fff9c44ea2dae4f716d"
        },
        "name":"qmsfzeuk",
        "contract_start":{
            "$date":"2022-12-01T00:00:00Z"
        }
    },
    {
        "_id":{
            "$oid":"63becb2924d9fbfa5252efae"
        },
        "name":"jggusazh",
        "contract_start":{
            "$date":"2021-12-01T00:00:00Z"
        }
    },
    {
        "_id":{
            "$oid":"63c7ea341d5d1f13c752fa28"
        },
        "name":"yaglktdi",
        "contract_start":{
            "$date":"2023-01-01T00:00:00Z"
        }
    },
    {
        "_id":{
            "$oid":"63ce6cfbd66fb73346727279"
        },
        "name":"kirznbge",
        "contract_start":{
            "$date":"2023-01-01T00:00:00Z"
        }
    },
    {
        "_id":{
            "$oid":"63cfe207129957d3a807b17e"
        },
        "name":"xuhtxoah",
        "contract_start":{
            "$date":"2023-02-01T00:00:00Z"
        }
    },
    {
        "_id":{
            "$oid":"63d10fbd83729f6ae0564552"
        },
        "name":"phpiidvx",
        "contract_start":{
            "$date":"2023-02-01T00:00:00Z"
        }
    },
    {
        "_id":{
            "$oid":"63d24205129957d3a807b93f"
        },
        "name":"ouxzfqfy",
        "contract_start":{
            "$date":"2023-01-01T00:00:00Z"
        }
    },
    {
        "_id":{
            "$oid":"63d24c251b754732dd8a6546"
        },
        "name":"tfukjkvc",
        "contract_start":{
            "$date":"2023-01-01T00:00:00Z"
        }
    },
    {
        "_id":{
            "$oid":"63d3abced62f6ac8d1e21406"
        },
        "name":"bqofxhao",
        "contract_start":{
            "$date":"2023-02-01T00:00:00Z"
        }
    },
    {
        "_id":{
            "$oid":"63d7a0add66fb7334672755c"
        },
        "name":"qpvwooki",
        "contract_start":{
            "$date":"2023-01-01T00:00:00Z"
        }
    },
    {
        "_id":{
            "$oid":"63e60a03908c3e2c617f3569"
        },
        "name":"ggrqcvhj",
        "contract_start":{
            "$date":"2023-02-01T00:00:00Z"
        }
    },
    {
        "_id":{
            "$oid":"63eb9c8259b26e8ff603c459"
        },
        "name":"memazzpu",
        "contract_start":{
            "$date":"2023-02-01T00:00:00Z"
        }
    },
    {
        "_id":{
            "$oid":"63f5e449760b22367a055cfe"
        },
        "name":"biqwfbmo",
        "contract_start":{
            "$date":"2023-02-01T00:00:00Z"
        }
    },
    {
        "_id":{
            "$oid":"63f608f8ff16937f765a67e7"
        },
        "name":"uxxijhum",
        "contract_start":{
            "$date":"2023-03-01T00:00:00Z"
        }
    },
    {
        "_id":{
            "$oid":"63f7980498f9bdb910b67b24"
        },
        "name":"djqgrzlf",
        "contract_start":{
            "$date":"2023-03-01T00:00:00Z"
        }
    },
    {
        "_id":{
            "$oid":"63f8c9d202d302b3053913f2"
        },
        "name":"qhksogmw",
        "contract_start":{
            "$date":"2023-03-01T00:00:00Z"
        }
    },
    {
        "_id":{
            "$oid":"61e6b0bb1f49278b59350413"
        },
        "name":"pahekhbr",
        "contract_start":{
            "$date":"2020-01-01T00:00:00Z"
        }
    },
    {
        "_id":{
            "$oid":"640767c8a1ca26bd0fc05c1d"
        },
        "name":"lhicqwqy",
        "contract_start":{
            "$date":"2023-03-01T00:00:00Z"
        }
    },
    {
        "_id":{
            "$oid":"640b440df41f18cc26ad67e9"
        },
        "name":"uomgjkir",
        "contract_start":{
            "$date":"2023-02-01T00:00:00Z"
        }
    },
    {
        "_id":{
            "$oid":"640ee39689baf3f30c7348b8"
        },
        "name":"ygyateku",
        "contract_start":{
            "$date":"2023-03-01T00:00:00Z"
        }
    },
    {
        "_id":{
            "$oid":"640f2a143eb0fbe478a3542e"
        },
        "name":"xyadzgpz",
        "contract_start":{
            "$date":"2023-02-01T11:00:00Z"
        }
    },
    {
        "_id":{
            "$oid":"64118d4594716931fed7b776"
        },
        "name":"cnofrbrn",
        "contract_start":{
            "$date":"2023-03-01T00:00:00Z"
        }
    },
    {
        "_id":{
            "$oid":"641abf84ec8426b7fa96a825"
        },
        "name":"hdzaohpb",
        "contract_start":{
            "$date":"2023-03-01T00:00:00Z"
        }
    },
    {
        "_id":{
            "$oid":"641c7fc1787df37616b29f9f"
        },
        "name":"cvmgjcho",
        "contract_start":{
            "$date":"2023-03-01T00:00:00Z"
        }
    },
    {
        "_id":{
            "$oid":"641db2294b61be2b29220257"
        },
        "name":"qswneuwc",
        "contract_start":{
            "$date":"2023-03-01T00:00:00Z"
        }
    },
    {
        "_id":{
            "$oid":"642131121d2717aab1fc77c6"
        },
        "name":"kybasjau",
        "contract_start":{
            "$date":"2023-03-01T00:00:00Z"
        }
    },
    {
        "_id":{
            "$oid":"6422b7819e3ab113d723d1c8"
        },
        "name":"oasfyqzq",
        "contract_start":{
            "$date":"2023-03-01T11:00:00Z"
        }
    },
    {
        "_id":{
            "$oid":"6424056aec8426b7fa96ecc3"
        },
        "name":"guwbjfnu",
        "contract_start":{
            "$date":"2023-05-01T00:00:00Z"
        }
    },
    {
        "_id":{
            "$oid":"642bea43155c2aa4feddcf82"
        },
        "name":"nrmjweut",
        "contract_start":{
            "$date":"2023-04-01T00:00:00Z"
        }
    },
    {
        "_id":{
            "$oid":"642d2b349e3ab113d723de8f"
        },
        "name":"dfkznibq",
        "contract_start":{
            "$date":"2023-03-01T00:00:00Z"
        }
    },
    {
        "_id":{
            "$oid":"642d749bec8426b7fa970b36"
        },
        "name":"jhedevss",
        "contract_start":{
            "$date":"2023-04-01T00:00:00Z"
        }
    },
    {
        "_id":{
            "$oid":"642e6ed0ec8426b7fa970d59"
        },
        "name":"kbifxrld",
        "contract_start":{
            "$date":"2023-04-01T00:00:00Z"
        }
    },
    {
        "_id":{
            "$oid":"642e81b89e3ab113d723e161"
        },
        "name":"oeztytus",
        "contract_start":{
            "$date":"2023-04-01T00:00:00Z"
        }
    },
    {
        "_id":{
            "$oid":"64302292787df37616b2c440"
        },
        "name":"adouwbce",
        "contract_start":{
            "$date":"2023-03-31T00:00:00Z"
        }
    },
    {
        "_id":{
            "$oid":"64302efa9e3ab113d723e1ba"
        },
        "name":"rqaxwfsw",
        "contract_start":{
            "$date":"2023-04-01T00:00:00Z"
        }
    },
    {
        "_id":{
            "$oid":"64350eb39e3ab113d723e9b6"
        },
        "name":"rpktydcb",
        "contract_start":{
            "$date":"2023-04-01T10:00:00Z"
        }
    },
    {
        "_id":{
            "$oid":"64391b0575a9ac9c8eb3ddf5"
        },
        "name":"xxcntzbf",
        "contract_start":{
            "$date":"2023-04-01T10:00:00Z"
        }
    },
    {
        "_id":{
            "$oid":"643d4dca19baac803e4a333d"
        },
        "name":"lykapndq",
        "contract_start":{
            "$date":"2023-03-31T00:00:00Z"
        }
    },
    {
        "_id":{
            "$oid":"643f1f225fcaf1828774a675"
        },
        "name":"lknhikdu",
        "contract_start":{
            "$date":"2023-03-31T00:00:00Z"
        }
    },
    {
        "_id":{
            "$oid":"64479e00c547635b60ce82c1"
        },
        "name":"chcnpccg",
        "contract_start":{
            "$date":"2023-04-01T00:00:00Z"
        }
    },
    {
        "_id":{
            "$oid":"6447f56eedcaa9fc283bdc7f"
        },
        "name":"yssrhlgk",
        "contract_start":{
            "$date":"2023-04-01T00:00:00Z"
        }
    },
    {
        "_id":{
            "$oid":"6448dd4384c20db0b2ba91f8"
        },
        "name":"fnnqento",
        "contract_start":{
            "$date":"2023-05-01T00:00:00Z"
        }
    },
    {
        "_id":{
            "$oid":"644915d57ceb130daeb1750a"
        },
        "name":"piwpyvif",
        "contract_start":{
            "$date":"2021-04-01T00:00:00Z"
        }
    },
    {
        "_id":{
            "$oid":"64364e8905ccb711d053d405"
        },
        "name":"lisbjgim",
        "contract_start":{
            "$date":"2021-04-01T00:00:00Z"
        }
    },
    {
        "_id":{
            "$oid":"64510c56a47f451a70bfddb9"
        },
        "name":"tofzxgkj",
        "contract_start":{
            "$date":"2023-03-01T00:00:00Z"
        }
    },
    {
        "_id":{
            "$oid":"64510c9fedcaa9fc283be4b7"
        },
        "name":"dibmhrmz",
        "contract_start":{
            "$date":"2023-03-01T00:00:00Z"
        }
    },
    {
        "_id":{
            "$oid":"64526eb3e0f1ac79161d4d2f"
        },
        "name":"dcdoxybv",
        "contract_start":{
            "$date":"2023-05-01T00:00:00Z"
        }
    },
    {
        "_id":{
            "$oid":"6454fd5a2683688458d12dd9"
        },
        "name":"gtllsrlb",
        "contract_start":{
            "$date":"2023-05-01T00:00:00Z"
        }
    },
    {
        "_id":{
            "$oid":"6455000584c20db0b2ba9cc2"
        },
        "name":"xeqmicqp",
        "contract_start":{
            "$date":"2023-05-01T00:00:00Z"
        }
    },
    {
        "_id":{
            "$oid":"64551b49c547635b60ce8c49"
        },
        "name":"yslhtrvk",
        "contract_start":{
            "$date":"2023-04-30T00:00:00Z"
        }
    },
    {
        "_id":{
            "$oid":"645897b72683688458d12e7a"
        },
        "name":"fpfbceyw",
        "contract_start":{
            "$date":"2023-03-01T11:00:00Z"
        }
    },
    {
        "_id":{
            "$oid":"645897d384c20db0b2ba9ddf"
        },
        "name":"pxbwpcqc",
        "contract_start":{
            "$date":"2023-03-01T11:00:00Z"
        }
    },
    {
        "_id":{
            "$oid":"645897ede0f1ac79161d5022"
        },
        "name":"mwmahibd",
        "contract_start":{
            "$date":"2023-03-01T11:00:00Z"
        }
    },
    {
        "_id":{
            "$oid":"645a62a5c547635b60ce939e"
        },
        "name":"mfuczytd",
        "contract_start":{
            "$date":"2023-04-30T00:00:00Z"
        }
    },
    {
        "_id":{
            "$oid":"645d013519baac803e4a4762"
        },
        "name":"donxoptt",
        "contract_start":{
            "$date":"2023-05-01T00:00:00Z"
        }
    },
    {
        "_id":{
            "$oid":"6461f72e84c20db0b2baa571"
        },
        "name":"cilsgjwl",
        "contract_start":{
            "$date":"2023-05-01T00:00:00Z"
        }
    },
    {
        "_id":{
            "$oid":"64650cdf82803f991b09731d"
        },
        "name":"yfrloeal",
        "contract_start":{
            "$date":"2023-04-30T00:00:00Z"
        }
    },
    {
        "_id":{
            "$oid":"6467a7385eb31f22b1fe3173"
        },
        "name":"fwnvkuxo",
        "contract_start":{
            "$date":"2023-04-30T00:00:00Z"
        }
    },
    {
        "_id":{
            "$oid":"646bee7682a52f1f64831004"
        },
        "name":"xepnnyni",
        "contract_start":{
            "$date":"2023-04-30T00:00:00Z"
        }
    },
    {
        "_id":{
            "$oid":"646d2f923e1b62098c7cb55f"
        },
        "name":"inwwfnxg",
        "contract_start":{
            "$date":"2023-04-30T17:00:00Z"
        }
    },
    {
        "_id":{
            "$oid":"646e2b20a6c71f5e9230706a"
        },
        "name":"dsneqjcl",
        "contract_start":{
            "$date":"2023-05-01T00:00:00Z"
        }
    },
    {
        "_id":{
            "$oid":"646e7c563820b9bf371e7c33"
        },
        "name":"ojvlashi",
        "contract_start":{
            "$date":"2023-04-30T17:00:00Z"
        }
    },
    {
        "_id":{
            "$oid":"6475cd19e7e30d2b6e5c8bd4"
        },
        "name":"aerzhays",
        "contract_start":{
            "$date":"2022-11-01T00:00:00Z"
        }
    },
    {
        "_id":{
            "$oid":"647da02be987f30e1f39757d"
        },
        "name":"zoyvaqga",
        "contract_start":{
            "$date":"2023-06-01T10:00:00Z"
        }
    },
    {
        "_id":{
            "$oid":"6481e036292b179f4df8e209"
        },
        "name":"fxupuvvr",
        "contract_start":{
            "$date":"2022-10-01T00:00:00Z"
        }
    },
    {
        "_id":{
            "$oid":"64882439c734fb61e9a8b31d"
        },
        "name":"xcgslxrd",
        "contract_start":{
            "$date":"2023-06-01T00:00:00Z"
        }
    },
    {
        "_id":{
            "$oid":"6489b710c734fb61e9a8b435"
        },
        "name":"ovtgumgn",
        "contract_start":{
            "$date":"2023-05-01T00:00:00Z"
        }
    },
    {
        "_id":{
            "$oid":"648c61fd903c899169a41ea3"
        },
        "name":"jyeyovhz",
        "contract_start":{
            "$date":"2023-06-01T00:00:00Z"
        }
    },
    {
        "_id":{
            "$oid":"648c74134d689a0207e214ec"
        },
        "name":"eesdcfbn",
        "contract_start":{
            "$date":"2023-05-01T10:00:00Z"
        }
    },
    {
        "_id":{
            "$oid":"649078163ef9e5a14c61b314"
        },
        "name":"ckaofdzl",
        "contract_start":{
            "$date":"2023-05-01T10:00:00Z"
        }
    },
    {
        "_id":{
            "$oid":"6492bcbc0e5a4c5864861076"
        },
        "name":"xefcwbiq",
        "contract_start":{
            "$date":"2023-06-01T00:00:00Z"
        }
    },
    {
        "_id":{
            "$oid":"5f65f34255b0e75f4f6d9204"
        },
        "name":"jmnedfpw",
        "contract_start":{
            "$date":"2020-08-01T00:00:00Z"
        }
    },
    {
        "_id":{
            "$oid":"608a5906a65565c74fed825b"
        },
        "name":"caiskezq",
        "contract_start":{
            "$date":"2021-04-01T00:00:00Z"
        }
    },
    {
        "_id":{
            "$oid":"60fe437f7afe5e14e8d2be47"
        },
        "name":"nrljlant",
        "contract_start":{
            "$date":"2021-07-01T00:00:00Z"
        }
    },
    {
        "_id":{
            "$oid":"616030fca5156d40200ad311"
        },
        "name":"lfbwrkcx",
        "contract_start":{
            "$date":"2021-09-01T00:00:00Z"
        }
    },
    {
        "_id":{
            "$oid":"6165369360ceddcbd73b079b"
        },
        "name":"rnekjbac",
        "contract_start":{
            "$date":"2021-09-01T00:00:00Z"
        }
    },
    {
        "_id":{
            "$oid":"61666b611f5ebf437458bbdc"
        },
        "name":"iymlpfvb",
        "contract_start":{
            "$date":"2021-09-01T00:00:00Z"
        }
    },
    {
        "_id":{
            "$oid":"60e0d7cfe314dd4b15052930"
        },
        "name":"iogxuevl",
        "contract_start":{
            "$date":"2021-07-01T00:00:00Z"
        }
    },
    {
        "_id":{
            "$oid":"610d70c181778008a9768a1a"
        },
        "name":"xxfstipc",
        "contract_start":{
            "$date":"2021-07-01T00:00:00Z"
        }
    },
    {
        "_id":{
            "$oid":"613b2152cd5af90298be181b"
        },
        "name":"hikiptrb",
        "contract_start":{
            "$date":"2021-08-01T00:00:00Z"
        }
    },
    {
        "_id":{
            "$oid":"6155575c3edb35243c8b3cbb"
        },
        "name":"ghbbzyzf",
        "contract_start":{
            "$date":"2021-09-01T00:00:00Z"
        }
    },
    {
        "_id":{
            "$oid":"60e0d383d037e243ebcbd1c9"
        },
        "name":"xdhqsfqm",
        "contract_start":{
            "$date":"2021-07-01T00:00:00Z"
        }
    },
    {
        "_id":{
            "$oid":"60e64cdfd037e243ebcc24e1"
        },
        "name":"iakkyliq",
        "contract_start":{
            "$date":"2021-07-01T00:00:00Z"
        }
    },
    {
        "_id":{
            "$oid":"60f7eab8d20edd50ac06422e"
        },
        "name":"tkfnppgc",
        "contract_start":{
            "$date":"2021-07-01T00:00:00Z"
        }
    },
    {
        "_id":{
            "$oid":"615d5e7e6bd6afe7b684aa00"
        },
        "name":"lsxowzbf",
        "contract_start":{
            "$date":"2021-10-01T00:00:00Z"
        }
    },
    {
        "_id":{
            "$oid":"616d527cb53137f04a406c7f"
        },
        "name":"jdhondyk",
        "contract_start":{
            "$date":"2021-09-01T00:00:00Z"
        }
    },
    {
        "_id":{
            "$oid":"618900bf798bfad43917d1f7"
        },
        "name":"tixbuptk",
        "contract_start":{
            "$date":"2021-10-01T10:00:00Z"
        }
    },
    {
        "_id":{
            "$oid":"618aa2a0eb950f0704a016fd"
        },
        "name":"twiezhpo",
        "contract_start":{
            "$date":"2021-10-01T10:00:00Z"
        }
    },
    {
        "_id":{
            "$oid":"6193d00c198fbb8de2f21311"
        },
        "name":"ngdraqae",
        "contract_start":{
            "$date":"2021-11-01T11:00:00Z"
        }
    },
    {
        "_id":{
            "$oid":"61950ec377b76f854c34ffcf"
        },
        "name":"bmhzizqy",
        "contract_start":{
            "$date":"2021-11-01T00:00:00Z"
        }
    },
    {
        "_id":{
            "$oid":"619cbdc570d5ec69e5a8aee6"
        },
        "name":"ptgkwmvf",
        "contract_start":{
            "$date":"2021-11-01T11:00:00Z"
        }
    },
    {
        "_id":{
            "$oid":"619cbdeb70d5ec69e5a8aee7"
        },
        "name":"picxipzj",
        "contract_start":{
            "$date":"2021-11-01T11:00:00Z"
        }
    },
    {
        "_id":{
            "$oid":"61a5d7341cd67c4f73ab1d4f"
        },
        "name":"sfvjuoyc",
        "contract_start":{
            "$date":"2021-11-01T11:00:00Z"
        }
    },
    {
        "_id":{
            "$oid":"61b0f1dabc811b296f3dc803"
        },
        "name":"vmapmpcq",
        "contract_start":{
            "$date":"2021-11-01T11:00:00Z"
        }
    },
    {
        "_id":{
            "$oid":"61b1e95ebc811b296f3dc831"
        },
        "name":"jnfmzkmr",
        "contract_start":{
            "$date":"2021-12-01T11:00:00Z"
        }
    },
    {
        "_id":{
            "$oid":"61b9b5ffbc811b296f3dc852"
        },
        "name":"mczwbbbz",
        "contract_start":{
            "$date":"2021-12-01T11:00:00Z"
        }
    },
    {
        "_id":{
            "$oid":"61b9b6318d31e92bb06c6bd1"
        },
        "name":"roksjopv",
        "contract_start":{
            "$date":"2021-11-01T00:00:00Z"
        }
    },
    {
        "_id":{
            "$oid":"61b9b70ddee5cd96652a2806"
        },
        "name":"iwsienrs",
        "contract_start":{
            "$date":"2021-12-01T11:00:00Z"
        }
    },
    {
        "_id":{
            "$oid":"61ba2c45d44593043c8e0c58"
        },
        "name":"odcylyxo",
        "contract_start":{
            "$date":"2021-11-01T11:00:00Z"
        }
    },
    {
        "_id":{
            "$oid":"61e7c11c6d592ad0d1f99a24"
        },
        "name":"zyjzwnhc",
        "contract_start":{
            "$date":"2022-01-01T11:00:00Z"
        }
    },
    {
        "_id":{
            "$oid":"61f8fb642767926580f32290"
        },
        "name":"jsdnhfzo",
        "contract_start":{
            "$date":"2022-02-01T11:00:00Z"
        }
    },
    {
        "_id":{
            "$oid":"61fd25cd066f3942ddbf1989"
        },
        "name":"kxapxrxo",
        "contract_start":{
            "$date":"2021-06-01T00:00:00Z"
        }
    },
    {
        "_id":{
            "$oid":"6203a405d94e0d8707838526"
        },
        "name":"hinysaxy",
        "contract_start":{
            "$date":"2022-01-01T11:00:00Z"
        }
    },
    {
        "_id":{
            "$oid":"62052446e25273429c1ed81e"
        },
        "name":"ofltjjvi",
        "contract_start":{
            "$date":"2021-11-01T00:00:00Z"
        }
    },
    {
        "_id":{
            "$oid":"620cef81317006b9ba18bbcd"
        },
        "name":"vaqtnywm",
        "contract_start":{
            "$date":"2022-01-01T00:00:00Z"
        }
    },
    {
        "_id":{
            "$oid":"6217235693a4d7ceaf6f5d22"
        },
        "name":"ppoyfvvh",
        "contract_start":{
            "$date":"2022-03-01T11:00:00Z"
        }
    },
    {
        "_id":{
            "$oid":"621789802cd425f8795c5999"
        },
        "name":"rqcgothz",
        "contract_start":{
            "$date":"2022-02-01T11:00:00Z"
        }
    },
    {
        "_id":{
            "$oid":"6218d806f7c9e6297e6f5335"
        },
        "name":"lznhbgaj",
        "contract_start":{
            "$date":"2022-02-01T11:00:00Z"
        }
    },
    {
        "_id":{
            "$oid":"6228487f34e2f9154988612f"
        },
        "name":"bjmnlkny",
        "contract_start":{
            "$date":"2022-03-01T00:00:00Z"
        }
    },
    {
        "_id":{
            "$oid":"6228491e7e60a3aa96065167"
        },
        "name":"ceiamgun",
        "contract_start":{
            "$date":"2022-03-01T00:00:00Z"
        }
    },
    {
        "_id":{
            "$oid":"622a160334e2f915498865ce"
        },
        "name":"wejyvhcf",
        "contract_start":{
            "$date":"2022-03-01T00:00:00Z"
        }
    },
    {
        "_id":{
            "$oid":"622eed14430522d7304a6758"
        },
        "name":"xdmyhalc",
        "contract_start":{
            "$date":"2022-03-14T00:00:00Z"
        }
    },
    {
        "_id":{
            "$oid":"6239af4df285b677fbd64ac8"
        },
        "name":"mhylboid",
        "contract_start":{
            "$date":"2022-03-01T11:00:00Z"
        }
    },
    {
        "_id":{
            "$oid":"6239ddecb327a4797a91b27d"
        },
        "name":"szilkyls",
        "contract_start":{
            "$date":"2022-03-01T11:00:00Z"
        }
    },
    {
        "_id":{
            "$oid":"624abc0143da7f93d6b6b219"
        },
        "name":"iiycmwuc",
        "contract_start":{
            "$date":"2022-03-01T10:00:00Z"
        }
    },
    {
        "_id":{
            "$oid":"624b1f6b9a7e631334e96585"
        },
        "name":"rpjnqljd",
        "contract_start":{
            "$date":"2022-04-01T00:00:00Z"
        }
    },
    {
        "_id":{
            "$oid":"62568c6e887bb2770f429b0b"
        },
        "name":"fckfmxid",
        "contract_start":{
            "$date":"2022-04-01T10:00:00Z"
        }
    },
    {
        "_id":{
            "$oid":"6257e063887bb2770f429b66"
        },
        "name":"qvsemzoz",
        "contract_start":{
            "$date":"2022-04-13T00:00:00Z"
        }
    },
    {
        "_id":{
            "$oid":"626061abe8382b286db6428b"
        },
        "name":"gmhuaqus",
        "contract_start":{
            "$date":"2022-04-01T00:00:00Z"
        }
    },
    {
        "_id":{
            "$oid":"6267d74460aef1a50685f338"
        },
        "name":"kvzurvgo",
        "contract_start":{
            "$date":"2022-04-01T10:00:00Z"
        }
    },
    {
        "_id":{
            "$oid":"6273a8d68bd07263ce71fbf8"
        },
        "name":"gjotrddk",
        "contract_start":{
            "$date":"2022-05-01T10:00:00Z"
        }
    },
    {
        "_id":{
            "$oid":"6274e6918bd07263ce71fc6b"
        },
        "name":"rrnojpwd",
        "contract_start":{
            "$date":"2022-03-01T00:00:00Z"
        }
    },
    {
        "_id":{
            "$oid":"6278d29637eb275cc9a3ffa5"
        },
        "name":"xmucnayp",
        "contract_start":{
            "$date":"2022-05-01T10:00:00Z"
        }
    },
    {
        "_id":{
            "$oid":"627bbd25388e66d26b50cef0"
        },
        "name":"uvjoeprh",
        "contract_start":{
            "$date":"2022-05-11T00:00:00Z"
        }
    },
    {
        "_id":{
            "$oid":"6283953ed83e554073ff3ec6"
        },
        "name":"jmnmzygx",
        "contract_start":{
            "$date":"2022-05-01T00:00:00Z"
        }
    },
    {
        "_id":{
            "$oid":"629a13a47b4a90d9d8b19215"
        },
        "name":"bhfhwlth",
        "contract_start":{
            "$date":"2022-06-03T10:00:00Z"
        }
    },
    {
        "_id":{
            "$oid":"62a83c27dd45c041e6f9ec26"
        },
        "name":"chakxhuy",
        "contract_start":{
            "$date":"2022-06-01T00:00:00Z"
        }
    },
    {
        "_id":{
            "$oid":"62a98b3cd762cc330bb5c00a"
        },
        "name":"ewypueoe",
        "contract_start":{
            "$date":"2022-06-01T10:00:00Z"
        }
    },
    {
        "_id":{
            "$oid":"62b564dca35a7bb0393d4baa"
        },
        "name":"poiuvbwc",
        "contract_start":{
            "$date":"2022-06-01T00:00:00Z"
        }
    },
    {
        "_id":{
            "$oid":"62bb05e7a35a7bb0393d4d28"
        },
        "name":"fbbzfkmg",
        "contract_start":{
            "$date":"2022-06-01T00:00:00Z"
        }
    },
    {
        "_id":{
            "$oid":"62bc0676ecf2fe62f7d0de98"
        },
        "name":"xmwpdevb",
        "contract_start":{
            "$date":"2022-06-01T10:00:00Z"
        }
    },
    {
        "_id":{
            "$oid":"62bc4e42a35a7bb0393d4df5"
        },
        "name":"vxklsvol",
        "contract_start":{
            "$date":"2022-06-01T00:00:00Z"
        }
    },
    {
        "_id":{
            "$oid":"62cbb740e5b7bfcdcdfc7c9a"
        },
        "name":"rxpaebnk",
        "contract_start":{
            "$date":"2022-07-01T00:00:00Z"
        }
    },
    {
        "_id":{
            "$oid":"62cd35df3f75c9d92954b80d"
        },
        "name":"lqfiqvnx",
        "contract_start":{
            "$date":"2022-07-01T00:00:00Z"
        }
    },
    {
        "_id":{
            "$oid":"62cd6b5879444ab2738e67ee"
        },
        "name":"suvytzjl",
        "contract_start":{
            "$date":"2022-07-01T10:00:00Z"
        }
    },
    {
        "_id":{
            "$oid":"62d65093eeeac34b72b67a99"
        },
        "name":"gtwgrouz",
        "contract_start":{
            "$date":"2022-07-01T00:00:00Z"
        }
    },
    {
        "_id":{
            "$oid":"62d7f57ef857ce646635a487"
        },
        "name":"sbdwgolj",
        "contract_start":{
            "$date":"2022-07-01T00:00:00Z"
        }
    },
    {
        "_id":{
            "$oid":"62dff6bbb85c96158bd4b1fa"
        },
        "name":"qumnetzo",
        "contract_start":{
            "$date":"2022-08-01T00:00:00Z"
        }
    },
    {
        "_id":{
            "$oid":"62e39c0c5e8c80392ffdf6b4"
        },
        "name":"gneismot",
        "contract_start":{
            "$date":"2022-05-01T10:00:00Z"
        }
    },
    {
        "_id":{
            "$oid":"62e8ecec530d03a94e7d0b57"
        },
        "name":"dmdaxwjq",
        "contract_start":{
            "$date":"2022-08-01T00:00:00Z"
        }
    },
    {
        "_id":{
            "$oid":"62ecd5ee4b5bf902bef28d07"
        },
        "name":"etivctos",
        "contract_start":{
            "$date":"2022-08-01T10:00:00Z"
        }
    },
    {
        "_id":{
            "$oid":"62f65221b9a60eadfd88b37c"
        },
        "name":"dlnconnv",
        "contract_start":{
            "$date":"2022-08-12T00:00:00Z"
        }
    },
    {
        "_id":{
            "$oid":"62fa0c571db7a04ff7a78575"
        },
        "name":"uxehykhv",
        "contract_start":{
            "$date":"2022-08-15T00:00:00Z"
        }
    },
    {
        "_id":{
            "$oid":"62fe08c8a94de39464b2502e"
        },
        "name":"szgqdkic",
        "contract_start":{
            "$date":"2022-08-01T10:00:00Z"
        }
    },
    {
        "_id":{
            "$oid":"630cb69cbeb29882be43fe51"
        },
        "name":"ylfmllqa",
        "contract_start":{
            "$date":"2022-08-29T00:00:00Z"
        }
    },
    {
        "_id":{
            "$oid":"630e32e7e575965c9e18ffc3"
        },
        "name":"dpfnyzsh",
        "contract_start":{
            "$date":"2022-08-01T00:00:00Z"
        }
    },
    {
        "_id":{
            "$oid":"630f12c6e5a83cf4baafd23c"
        },
        "name":"mvlhooce",
        "contract_start":{
            "$date":"2022-08-01T10:00:00Z"
        }
    },
    {
        "_id":{
            "$oid":"6316511d38f520e75f695445"
        },
        "name":"udcqzbvv",
        "contract_start":{
            "$date":"2022-09-01T00:00:00Z"
        }
    },
    {
        "_id":{
            "$oid":"6316573698433ca70872a722"
        },
        "name":"cvuifkla",
        "contract_start":{
            "$date":"2022-09-01T00:00:00Z"
        }
    },
    {
        "_id":{
            "$oid":"631b87ff05bbde87e5a41b52"
        },
        "name":"gfazuqef",
        "contract_start":{
            "$date":"2022-09-01T00:00:00Z"
        }
    },
    {
        "_id":{
            "$oid":"6320fe4837a48829daad6793"
        },
        "name":"dgrtxgwi",
        "contract_start":{
            "$date":"2022-09-01T17:00:00Z"
        }
    },
    {
        "_id":{
            "$oid":"6321b87670a9c1dad77d610f"
        },
        "name":"irhqtdbo",
        "contract_start":{
            "$date":"2022-09-01T00:00:00Z"
        }
    },
    {
        "_id":{
            "$oid":"6332bd58207c9df469868de4"
        },
        "name":"wufsuofn",
        "contract_start":{
            "$date":"2022-09-01T00:00:00Z"
        }
    },
    {
        "_id":{
            "$oid":"633326d7a68db116609b723f"
        },
        "name":"cgcadqvx",
        "contract_start":{
            "$date":"2022-09-01T00:00:00Z"
        }
    },
    {
        "_id":{
            "$oid":"634455a3ed9aae940f8911d4"
        },
        "name":"fkmljttb",
        "contract_start":{
            "$date":"2022-10-01T00:00:00Z"
        }
    },
    {
        "_id":{
            "$oid":"634554cd794683753650f8ba"
        },
        "name":"pbyuchvf",
        "contract_start":{
            "$date":"2022-10-01T10:00:00Z"
        }
    },
    {
        "_id":{
            "$oid":"6346806477c15f584ba82f95"
        },
        "name":"hajpubor",
        "contract_start":{
            "$date":"2022-10-01T00:00:00Z"
        }
    },
    {
        "_id":{
            "$oid":"634eb61ec22825326f3dafc2"
        },
        "name":"yfwhdcfx",
        "contract_start":{
            "$date":"2022-10-01T00:00:00Z"
        }
    },
    {
        "_id":{
            "$oid":"634fb80ce5f1afe0b9c76982"
        },
        "name":"uqgruygq",
        "contract_start":{
            "$date":"2022-10-01T00:00:00Z"
        }
    },
    {
        "_id":{
            "$oid":"6356223fcd11e6f0b2d9c39d"
        },
        "name":"ohmqlmvb",
        "contract_start":{
            "$date":"2022-11-01T00:00:00Z"
        }
    },
    {
        "_id":{
            "$oid":"63565445e5f1afe0b9c76b0a"
        },
        "name":"ojlbttbg",
        "contract_start":{
            "$date":"2022-10-01T00:00:00Z"
        }
    },
    {
        "_id":{
            "$oid":"63579919c01932aef3070474"
        },
        "name":"hdvfpomr",
        "contract_start":{
            "$date":"2022-10-01T00:00:00Z"
        }
    },
    {
        "_id":{
            "$oid":"63622e57a9035468a0827852"
        },
        "name":"qyxmsjae",
        "contract_start":{
            "$date":"2022-11-01T00:00:00Z"
        }
    },
    {
        "_id":{
            "$oid":"63627710e5f1afe0b9c76fff"
        },
        "name":"wtmgcoqu",
        "contract_start":{
            "$date":"2022-11-01T00:00:00Z"
        }
    },
    {
        "_id":{
            "$oid":"636a03ec3639a13d2040c775"
        },
        "name":"cectwmtx",
        "contract_start":{
            "$date":"2022-11-01T00:00:00Z"
        }
    },
    {
        "_id":{
            "$oid":"636b5a7278fdfe339e83419c"
        },
        "name":"vquqonlv",
        "contract_start":{
            "$date":"2022-11-01T11:00:00Z"
        }
    },
    {
        "_id":{
            "$oid":"636bc2483639a13d2040c8a5"
        },
        "name":"vtlbgkhc",
        "contract_start":{
            "$date":"2022-12-01T00:00:00Z"
        }
    },
    {
        "_id":{
            "$oid":"636e7419483a650b850abf3d"
        },
        "name":"qjjqgozm",
        "contract_start":{
            "$date":"2022-11-01T00:00:00Z"
        }
    },
    {
        "_id":{
            "$oid":"638876c5376b3d39e8fb315f"
        },
        "name":"ocvhpkxc",
        "contract_start":{
            "$date":"2022-11-01T00:00:00Z"
        }
    },
    {
        "_id":{
            "$oid":"6388f062c706980de4da8425"
        },
        "name":"nanrguqf",
        "contract_start":{
            "$date":"2022-12-01T00:00:00Z"
        }
    },
    {
        "_id":{
            "$oid":"638fa92e3fd585267007d54e"
        },
        "name":"uusyqjzm",
        "contract_start":{
            "$date":"2022-12-01T00:00:00Z"
        }
    },
    {
        "_id":{
            "$oid":"6390d293df8261f881ea6f3a"
        },
        "name":"amzpgdbc",
        "contract_start":{
            "$date":"2022-12-01T00:00:00Z"
        }
    },
    {
        "_id":{
            "$oid":"63983c05a371c395a226d706"
        },
        "name":"jieupelw",
        "contract_start":{
            "$date":"2022-12-01T00:00:00Z"
        }
    },
    {
        "_id":{
            "$oid":"63a319a04092f2f1ce546b3a"
        },
        "name":"sbnvyczx",
        "contract_start":{
            "$date":"2022-12-01T00:00:00Z"
        }
    },
    {
        "_id":{
            "$oid":"63a45073fdd8af981ec2902f"
        },
        "name":"jswwqnju",
        "contract_start":{
            "$date":"2022-12-01T00:00:00Z"
        }
    },
    {
        "_id":{
            "$oid":"63b6ecbaa7efe4d94c1df320"
        },
        "name":"sufhnzac",
        "contract_start":{
            "$date":"2023-01-01T00:00:00Z"
        }
    },
    {
        "_id":{
            "$oid":"63c16f8a6fd11d8e5db1165d"
        },
        "name":"xjacrtce",
        "contract_start":{
            "$date":"2023-01-01T00:00:00Z"
        }
    },
    {
        "_id":{
            "$oid":"63d1102583729f6ae0564554"
        },
        "name":"qoasxzna",
        "contract_start":{
            "$date":"2023-01-01T00:00:00Z"
        }
    },
    {
        "_id":{
            "$oid":"63d12832129957d3a807b905"
        },
        "name":"deubuzpd",
        "contract_start":{
            "$date":"2023-01-01T00:00:00Z"
        }
    },
    {
        "_id":{
            "$oid":"63d24b4c1b754732dd8a6545"
        },
        "name":"lffngpnn",
        "contract_start":{
            "$date":"2023-01-01T00:00:00Z"
        }
    },
    {
        "_id":{
            "$oid":"63d24b88129957d3a807b94b"
        },
        "name":"smrtocyj",
        "contract_start":{
            "$date":"2023-01-01T00:00:00Z"
        }
    },
    {
        "_id":{
            "$oid":"63d24be4129957d3a807b94c"
        },
        "name":"ugtffvfw",
        "contract_start":{
            "$date":"2023-01-01T00:00:00Z"
        }
    },
    {
        "_id":{
            "$oid":"63d3afcfd66fb73346727502"
        },
        "name":"gnxkydst",
        "contract_start":{
            "$date":"2023-02-01T00:00:00Z"
        }
    },
    {
        "_id":{
            "$oid":"63d3dc4a1b754732dd8a65b5"
        },
        "name":"yvaennjk",
        "contract_start":{
            "$date":"2023-02-01T00:00:00Z"
        }
    },
    {
        "_id":{
            "$oid":"63d3dd20d62f6ac8d1e2140c"
        },
        "name":"ilwbregc",
        "contract_start":{
            "$date":"2023-02-01T00:00:00Z"
        }
    },
    {
        "_id":{
            "$oid":"63d3de0ed62f6ac8d1e2140d"
        },
        "name":"oyveoahm",
        "contract_start":{
            "$date":"2023-02-01T00:00:00Z"
        }
    },
    {
        "_id":{
            "$oid":"63d900ddd62f6ac8d1e214bf"
        },
        "name":"hatjqiml",
        "contract_start":{
            "$date":"2022-11-01T00:00:00Z"
        }
    },
    {
        "_id":{
            "$oid":"63d9215c34ca91b004ca3a7f"
        },
        "name":"gdobhayz",
        "contract_start":{
            "$date":"2023-02-01T00:00:00Z"
        }
    },
    {
        "_id":{
            "$oid":"63db8c2f638e84256fb360a6"
        },
        "name":"tomdlpmy",
        "contract_start":{
            "$date":"2023-02-01T00:00:00Z"
        }
    },
    {
        "_id":{
            "$oid":"63db8cd2129957d3a807bc16"
        },
        "name":"pukugwgc",
        "contract_start":{
            "$date":"2022-12-01T00:00:00Z"
        }
    },
    {
        "_id":{
            "$oid":"63dce759129957d3a807bc52"
        },
        "name":"kotdcyhu",
        "contract_start":{
            "$date":"2023-02-01T00:00:00Z"
        }
    },
    {
        "_id":{
            "$oid":"63dcf6b3d66fb733467277b3"
        },
        "name":"otxcmlrf",
        "contract_start":{
            "$date":"2023-02-01T00:00:00Z"
        }
    },
    {
        "_id":{
            "$oid":"63e2636383729f6ae0564846"
        },
        "name":"dlmrhrjs",
        "contract_start":{
            "$date":"2023-02-01T00:00:00Z"
        }
    },
    {
        "_id":{
            "$oid":"63e3c743d66fb733467278e4"
        },
        "name":"cyvbeygg",
        "contract_start":{
            "$date":"2023-02-01T18:00:00Z"
        }
    },
    {
        "_id":{
            "$oid":"63e60e12e71db9316f7cbaa0"
        },
        "name":"urxwmhdn",
        "contract_start":{
            "$date":"2023-02-01T00:00:00Z"
        }
    },
    {
        "_id":{
            "$oid":"63e61bb7165d63317dd67199"
        },
        "name":"glxrvsni",
        "contract_start":{
            "$date":"2023-02-01T00:00:00Z"
        }
    },
    {
        "_id":{
            "$oid":"63eb4faf59b26e8ff603c452"
        },
        "name":"zmqvbyky",
        "contract_start":{
            "$date":"2023-02-01T00:00:00Z"
        }
    },
    {
        "_id":{
            "$oid":"63ec83dfced53482f6370fef"
        },
        "name":"fwacteef",
        "contract_start":{
            "$date":"2023-01-01T11:00:00Z"
        }
    },
    {
        "_id":{
            "$oid":"63ecb2f559b26e8ff603c546"
        },
        "name":"oeehrtvz",
        "contract_start":{
            "$date":"2023-02-01T00:00:00Z"
        }
    },
    {
        "_id":{
            "$oid":"63f8c3a9760b22367a055e9a"
        },
        "name":"eriffavu",
        "contract_start":{
            "$date":"2023-03-01T00:00:00Z"
        }
    },
    {
        "_id":{
            "$oid":"63ff92710263596a7bc9a84d"
        },
        "name":"whfpmsmn",
        "contract_start":{
            "$date":"2023-03-01T00:00:00Z"
        }
    },
    {
        "_id":{
            "$oid":"61c08eb7ea30668e0fa29b6c"
        },
        "name":"zgqssotk",
        "contract_start":{
            "$date":"2020-01-01T00:00:00Z"
        }
    },
    {
        "_id":{
            "$oid":"61e04b171cd9588b37687983"
        },
        "name":"ocyllfbq",
        "contract_start":{
            "$date":"2023-04-30T19:00:00Z"
        }
    },
    {
        "_id":{
            "$oid":"6407531507f9dfe73a55af12"
        },
        "name":"rgobgxmm",
        "contract_start":{
            "$date":"2023-03-01T00:00:00Z"
        }
    },
    {
        "_id":{
            "$oid":"640760806afe14c7d6740c0a"
        },
        "name":"kzlfyzyq",
        "contract_start":{
            "$date":"2023-03-01T00:00:00Z"
        }
    },
    {
        "_id":{
            "$oid":"64076317a1ca26bd0fc05c18"
        },
        "name":"woagyqkw",
        "contract_start":{
            "$date":"2023-03-01T00:00:00Z"
        }
    },
    {
        "_id":{
            "$oid":"6407b0e689baf3f30c733bbd"
        },
        "name":"xjbzmdaf",
        "contract_start":{
            "$date":"2023-03-01T00:00:00Z"
        }
    },
    {
        "_id":{
            "$oid":"6408a2fb89baf3f30c733c84"
        },
        "name":"sgyypsie",
        "contract_start":{
            "$date":"2023-04-01T00:00:00Z"
        }
    },
    {
        "_id":{
            "$oid":"64144bc41d2717aab1fc6575"
        },
        "name":"pgphvdan",
        "contract_start":{
            "$date":"2023-03-01T00:00:00Z"
        }
    },
    {
        "_id":{
            "$oid":"641592ca9e3ab113d723afd6"
        },
        "name":"ccwcrqno",
        "contract_start":{
            "$date":"2023-02-01T00:00:00Z"
        }
    },
    {
        "_id":{
            "$oid":"641877541d2717aab1fc68a4"
        },
        "name":"qscsdiei",
        "contract_start":{
            "$date":"2023-02-28T00:00:00Z"
        }
    },
    {
        "_id":{
            "$oid":"64187be9ec8426b7fa96a30b"
        },
        "name":"pfwapcvg",
        "contract_start":{
            "$date":"2023-04-01T10:00:00Z"
        }
    },
    {
        "_id":{
            "$oid":"64213bf1787df37616b2b014"
        },
        "name":"gvifvbep",
        "contract_start":{
            "$date":"2023-03-01T00:00:00Z"
        }
    },
    {
        "_id":{
            "$oid":"64217033155c2aa4feddb57f"
        },
        "name":"vqmwdzmx",
        "contract_start":{
            "$date":"2023-03-01T00:00:00Z"
        }
    },
    {
        "_id":{
            "$oid":"64245745155c2aa4feddb873"
        },
        "name":"obhcgikt",
        "contract_start":{
            "$date":"2023-03-01T00:00:00Z"
        }
    },
    {
        "_id":{
            "$oid":"64260fad787df37616b2b906"
        },
        "name":"bozbnize",
        "contract_start":{
            "$date":"2023-03-01T00:00:00Z"
        }
    },
    {
        "_id":{
            "$oid":"642d32779e3ab113d723de90"
        },
        "name":"zokqfhuz",
        "contract_start":{
            "$date":"2023-04-01T00:00:00Z"
        }
    },
    {
        "_id":{
            "$oid":"643cdc22c547635b60ce7c2c"
        },
        "name":"ivqxvqbv",
        "contract_start":{
            "$date":"2023-04-01T00:00:00Z"
        }
    },
    {
        "_id":{
            "$oid":"643d9b105fcaf1828774a492"
        },
        "name":"oiewykrn",
        "contract_start":{
            "$date":"2023-03-31T00:00:00Z"
        }
    },
    {
        "_id":{
            "$oid":"643ebcc5e0f1ac79161d41f9"
        },
        "name":"lwzhajmo",
        "contract_start":{
            "$date":"2023-04-01T00:00:00Z"
        }
    },
    {
        "_id":{
            "$oid":"643faba25fcaf1828774a699"
        },
        "name":"ofxksvvu",
        "contract_start":{
            "$date":"2021-09-01T00:00:00Z"
        }
    },
    {
        "_id":{
            "$oid":"6440784e2683688458d125e9"
        },
        "name":"vleimcop",
        "contract_start":{
            "$date":"2023-03-31T00:00:00Z"
        }
    },
    {
        "_id":{
            "$oid":"64510c8975a9ac9c8eb3e482"
        },
        "name":"ybdhgshc",
        "contract_start":{
            "$date":"2023-03-01T00:00:00Z"
        }
    },
    {
        "_id":{
            "$oid":"64539f365fcaf1828774ba76"
        },
        "name":"txewcghb",
        "contract_start":{
            "$date":"2023-05-01T00:00:00Z"
        }
    },
    {
        "_id":{
            "$oid":"645b7d702b66d7a7a75e47c4"
        },
        "name":"hrdlckoj",
        "contract_start":{
            "$date":"2021-04-01T00:00:00Z"
        }
    },
    {
        "_id":{
            "$oid":"645d016a19baac803e4a4763"
        },
        "name":"icbmwxzv",
        "contract_start":{
            "$date":"2023-05-01T00:00:00Z"
        }
    },
    {
        "_id":{
            "$oid":"6464f4cb8a77894723ee2acc"
        },
        "name":"ehbjwrgj",
        "contract_start":{
            "$date":"2023-04-30T00:00:00Z"
        }
    },
    {
        "_id":{
            "$oid":"64650fc182a52f1f64830f08"
        },
        "name":"vjckllmj",
        "contract_start":{
            "$date":"2023-04-30T00:00:00Z"
        }
    },
    {
        "_id":{
            "$oid":"646bea9082a52f1f64831003"
        },
        "name":"xxbjpiri",
        "contract_start":{
            "$date":"2023-04-30T00:00:00Z"
        }
    },
    {
        "_id":{
            "$oid":"646f5f97a6c71f5e9230715a"
        },
        "name":"mxvgvqlx",
        "contract_start":{
            "$date":"2023-05-01T00:00:00Z"
        }
    },
    {
        "_id":{
            "$oid":"6478667d29a765b6c12e7fb3"
        },
        "name":"lcxrrnsi",
        "contract_start":{
            "$date":"2023-06-01T10:00:00Z"
        }
    },
    {
        "_id":{
            "$oid":"6478b23eb0a031c775614710"
        },
        "name":"grcodgso",
        "contract_start":{
            "$date":"2023-06-01T10:00:00Z"
        }
    },
    {
        "_id":{
            "$oid":"647f2618f602708e4348a9de"
        },
        "name":"vycatzai",
        "contract_start":{
            "$date":"2023-06-01T00:00:00Z"
        }
    },
    {
        "_id":{
            "$oid":"648c13b4f05257a3a7afd244"
        },
        "name":"rgigccoe",
        "contract_start":{
            "$date":"2023-06-01T00:00:00Z"
        }
    },
    {
        "_id":{
            "$oid":"648c3b5c0e5a4c5864860e6d"
        },
        "name":"hrchayll",
        "contract_start":{
            "$date":"2023-05-01T10:00:00Z"
        }
    },
    {
        "_id":{
            "$oid":"648c7f54f14c3792b96cd60f"
        },
        "name":"jpzriqjo",
        "contract_start":{
            "$date":"2023-06-01T00:00:00Z"
        }
    }
]